p, hFM2kdYAHg9j, /5fzt78g4A7fnb882, GET
p, hFM2kdYAHg9j, /5fzt78g4A7fnb882/token, POST
p, hFM2kdYAHg9j, /5fzt78g4A7fnb882/nav, POST
p, hFM2kdYAHg9j, /5fzt78g4A7fnb882/aside, POST
p, hFM2kdYAHg9j, /5fzt78g4A7fnb882/footer, POST
p, hFM2kdYAHg9j, /5fzt78g4A7fnb882/post, POST
p, hFM2kdYAHg9j, /5fzt78g4A7fnb882/logout, POST
p, hFM2kdYAHg9j, /5fzt78g4A7fnb882/test, POST
p, hFM2kdYAHg9j, /5fzt78g4A7fnb882/dist/dash/dash.css, GET
p, hFM2kdYAHg9j, /5fzt78g4A7fnb882/dist/dash/dash.png, GET
p, hFM2kdYAHg9j, /5fzt78g4A7fnb882/dist/dash/dash.js, GET
p, hFM2kdYAHg9j, /5fzt78g4A7fnb882/dist/dash/timer.js, GET
p, hFM2kdYAHg9j, /5fzt78g4A7fnb882/dist/dash/worker.js, GET
p, hFM2kdYAHg9j, /5fzt78g4A7fnb882/dist/dash/worker.css, GET
p, hFM2kdYAHg9j, /5fzt78g4A7fnb882/dist/dash/jodit.min.js, GET
p, hFM2kdYAHg9j, /5fzt78g4A7fnb882/dist/dash/jodit.min.css, GET